,Car,cl,j,m,p,s
Car,0.0,-0.6666666666666665,0.21821789023599242,1.0,-0.40824829046386296,0.0
cl,-0.6666666666666665,0.0,-0.8728715609439693,-0.6666666666666665,0.6123724356957944,-0.7453559924999299
j,0.21821789023599242,-0.8728715609439693,0.0,0.21821789023599242,-0.5345224838248488,0.9759000729485331
m,1.0,-0.6666666666666665,0.21821789023599242,0.0,-0.40824829046386296,0.0
p,-0.40824829046386296,0.6123724356957944,-0.5345224838248488,-0.40824829046386296,0.0,-0.45643546458763845
s,0.0,-0.7453559924999299,0.9759000729485331,0.0,-0.45643546458763845,0.0
